<?xml version="1.0" encoding="UTF-8"?>
<beans xmlns="http://www.springframework.org/schema/beans"
	xmlns:xsi="http://www.w3.org/2001/XMLSchema-instance"
	xmlns:context="http://www.springframework.org/schema/context"
	xsi:schemaLocation="http://www.springframework.org/schema/beans http://www.springframework.org/schema/beans/spring-beans.xsd
		http://www.springframework.org/schema/context http://www.springframework.org/schema/context/spring-context-4.3.xsd">
<context:annotation-config></context:annotation-config>
<!-- creates a bean object with name id -->
<!-- <bean id="emp" class="com.cg.spring.core.Employee" init-method="init" destroy-method="destroyBean">
Setting Bean Values Using Constructor
<constructor-arg name="id" value="1002"/>
<constructor-arg name="name" value="Lakmarapu"/>
<constructor-arg name="salary" value="2000000"/></bean>
<bean id="manager" class="com.cg.spring.core.Manager">
Setting Bean Values Setters
<property name="deptno" value="10003"></property>
<property name="pname" value="Spring]"></property>
<property name="pcode" value="160921"></property>
</bean> -->
<bean id="customer" class="com.cg.spring.core.beans.Customer">
<!-- <constructor-arg name="firstname" value="Morishetty"></constructor-arg>
<constructor-arg name="lastname" value="Ramya"></constructor-arg> -->
<property name="firstname" value="Morishetty"></property>
<property name="lastname" value="Ramya"></property>
<property name="addr" ref="addr"></property>
<property name="set">
<set>
<ref bean="addr"/>
<ref bean="addr1"/>
</set>
</property>
<!-- <property name="addr" ref="address"></property> -->
</bean>
<bean id="addr" class="com.cg.spring.core.beans.Address">
<property name="city" value="Hyderabad"></property>
<property name="state" value="Telangana"></property>
</bean>
<bean id="addr1" class="com.cg.spring.core.beans.Address">
<property name="city" value="pune"></property>
<property name="state" value="pune"></property>
</bean>
</beans>
